<resources>
    <string name="app_name">Fuse Control</string>
    <string name="description_text_off">Tap the button to enable electricity in your house.</string>
    <string name="description_text_on">Tap the button to shut down electricity in your house!</string>
    <string name="state_text_unknown">Click the below button to show current state of the Fuse.</string>
    <string name="state_text_off">Fuse is currently OFF!</string>
    <string name="state_text_on">Fuse is currently ON!</string>
    <string name="button_text_off">FUSE ON</string>
    <string name="check_button">Check</string>
    <string name="ip_address_text">Update the IP address of your device:</string>
    <string name="ip_address_input_text">Enter the IP address of your device</string>
    <string name="ip_address_button">Apply</string>
    <string name="ip_address_show">Device IP address:</string>
</resources>